{
  "session_id": "user1",
  "created_at": 1775851501.7639296,
  "last_active": 1775854019.14331,
  "access_count": 2
}